1,浅野中学校,asano,私立,神奈川,http://www.asano.ed.jp/,http://www.sapia.jp/school_exam/search/pdf2024/asano.pdf
2,麻布中学校,azabu,私立,東京,http://www.azabu-jh.ed.jp/,http://www.sapia.jp/school_exam/search/pdf2024/azabu.pdf
3,足立学園中学校,adachi,私立,東京,http://www.adachigakuen-jh.ed.jp/,http://www.sapia.jp/school_exam/search/pdf2024/adachi.pdf
4,栄光学園中学校,eiko,私立,神奈川,http://ekh.jp/,http://www.sapia.jp/school_exam/search/pdf2024/eiko.pdf
5,大阪星光学院中学校,osaka,私立,大阪,http://www.osakaseiko.ac.jp/,http://www.sapia.jp/school_exam/search/pdf2024/osakaseiko.pdf
6,海城中学校,kaijou,私立,東京,http://www.kaijo.ed.jp/,http://www.sapia.jp/school_exam/search/pdf2024/kaijo.pdf
7,開成中学校,kaisei,私立,東京,http://www.kaiseigakuen.jp/,http://www.sapia.jp/school_exam/search/pdf2024/kaisei.pdf
8,海陽中等教育学校,kaiyou,私立,愛知,http://www.kaiyo.ac.jp/,http://www.sapia.jp/school_exam/search/pdf2024/kaiyo.pdf
9,学習院中等科,gakushuuin,私立,東京,http://www.gakushuin.ac.jp/bjh/,http://www.sapia.jp/school_exam/search/pdf2024/gakushuin.pdf
10,鎌倉学園中学校,kamakura,私立,神奈川,http://www.kamagaku.ac.jp/,http://www.sapia.jp/school_exam/search/pdf2024/kamakuragakuen.pdf
11,暁星中学校,gyousei,私立,東京,http://www.gyosei-h.ed.jp/,http://www.sapia.jp/school_exam/search/pdf2024/gyosei.pdf
12,慶應義塾普通部,keiogijuku,私立,神奈川,http://www.kf.keio.ac.jp/,http://www.sapia.jp/school_exam/search/pdf2024/keio_futsubu.pdf
13,京華中学校,keika,私立,東京,http://www.keika.ed.jp/,http://www.sapia.jp/school_exam/search/pdf2024/keika.pdf
14,攻玉社中学校,kogyoku,私立,東京,http://www.kogyokusha.ed.jp/,http://www.sapia.jp/school_exam/search/pdf2024/kogyokusha.pdf
15,佼成学園中学校,koseigakuen,私立,東京,http://www.kosei.ac.jp/kosei_danshi/,http://www.sapia.jp/school_exam/search/pdf2024/kosei.pdf
16,甲南中学校,konan,私立,兵庫,http://www.konan.ed.jp/,http://www.sapia.jp/school_exam/search/pdf2024/konan.pdf
17,甲陽学院中学校,koyou,私立,兵庫,http://www.koyo.ac.jp/,http://www.sapia.jp/school_exam/search/pdf2024/koyogakuin.pdf
18,駒場東邦中学校,komaba,私立,東京,http://www.komabajh.toho-u.ac.jp/,http://www.sapia.jp/school_exam/search/pdf2024/komabatohou.pdf
19,サレジオ学院中学校,sarejio,私立,神奈川,http://www.salesio-gakuin.ed.jp/,http://www.sapia.jp/school_exam/search/pdf2024/salesio.pdf
20,静岡聖光学院中学校,shizuoka,私立,静岡,http://www.s-seiko.ed.jp/,http://www.sapia.jp/school_exam/search/pdf2024/shizuokaseiko.pdf
21,芝中学校,shiba,私立,東京,http://www.shiba.ac.jp/,http://www.sapia.jp/school_exam/search/pdf2024/shiba.pdf
22,城西川越中学校,jousai,私立,埼玉,http://www.k-josai.ed.jp/,http://www.sapia.jp/school_exam/search/pdf2024/josaikawagoe.pdf
23,城北中学校,jouhoku,私立,東京,http://www.johoku.ac.jp/,http://www.sapia.jp/school_exam/search/pdf2024/johoku.pdf
24,城北埼玉中学校,jouhoku,私立,埼玉,http://www.johokusaitama.ac.jp/,http://www.sapia.jp/school_exam/search/pdf2024/johokusaitama.pdf
25,巣鴨中学校,sugamo,私立,東京,http://www.sugamo.ed.jp/,http://www.sapia.jp/school_exam/search/pdf2024/sugamo.pdf
26,逗子開成中学校,zushi,私立,神奈川,http://www.zushi-kaisei.ac.jp/,http://www.sapia.jp/school_exam/search/pdf2024/zushikaisei.pdf
27,聖学院中学校,seigakuin,私立,東京,https://www.seigakuin.ed.jp/,http://www.sapia.jp/school_exam/search/pdf2024/seigakuin.pdf
28,聖光学院中学校,shouko,私立,神奈川,http://www.seiko.ac.jp/,http://www.sapia.jp/school_exam/search/pdf2024/seiko.pdf
29,成城中学校,seijou,私立,東京,http://www.seijogakko.ed.jp/,http://www.sapia.jp/school_exam/search/pdf2024/seijo.pdf
30,清風中学校,seifuu,私立,大阪,https://www.seifu.ac.jp/,http://www.sapia.jp/school_exam/search/pdf2024/seifu.pdf
31,世田谷学園中学校,setagaya,私立,東京,http://www.setagayagakuen.ac.jp/,http://www.sapia.jp/school_exam/search/pdf2024/setagayagakuen.pdf
32,高輪中学校,takanawa,私立,東京,http://www.takanawa.ed.jp/,http://www.sapia.jp/school_exam/search/pdf2024/takanawa.pdf
33,筑波大学附属駒場中学校,tsukubadaigaku,国立,東京,http://www.komaba-s.tsukuba.ac.jp/,http://www.sapia.jp/school_exam/search/pdf2024/tsukuba_komaba.pdf
34,東京都市大学付属中学校,tokyouto,私立,東京,http://www.tcu-jsh.ed.jp/,http://www.sapia.jp/school_exam/search/pdf2024/tokyotoshi.pdf
35,東大寺学園中学校,todaiji,私立,奈良,http://www.tdj.ac.jp/,http://www.sapia.jp/school_exam/search/pdf2024/todaiji.pdf
36,桐朋中学校,tohou,私立,東京,http://www.toho.ed.jp/,http://www.sapia.jp/school_exam/search/pdf2024/toho.pdf
37,藤嶺学園藤沢中学校,fuji,私立,神奈川,http://www.tohrei-fujisawa.ed.jp/,http://www.sapia.jp/school_exam/search/pdf2024/tohrei_fujisawa.pdf
38,獨協中学校,dokkyou,私立,東京,http://www.dokkyo.ed.jp/,http://www.sapia.jp/school_exam/search/pdf2024/dokkyo.pdf
39,灘中学校,nadachu,私立,兵庫,http://www.nada.ac.jp/,http://www.sapia.jp/school_exam/search/pdf2024/nada.pdf
40,日本学園中学校,nihongaku,私立,東京,http://www.nihongakuen.ed.jp/,http://www.sapia.jp/school_exam/search/pdf2024/nihongakuen.pdf
41,日本大学豊山中学校,nihondaigaku,私立,東京,http://www.buzan.hs.nihon-u.ac.jp/,http://www.sapia.jp/school_exam/search/pdf2024/nihon_buzan.pdf
42,函館ラ・サール中学校,hakodate,私立,北海道,http://www.h-lasalle.ed.jp/,http://www.sapia.jp/school_exam/search/pdf2024/hakodate_lasalle.pdf
43,北嶺中学校,hokurei,私立,北海道,http://www.kibou.ac.jp/hokurei/,http://www.sapia.jp/school_exam/search/pdf2024/hokurei.pdf
44,本郷中学校,hongou,私立,東京,http://www.hongo.ed.jp/,http://www.sapia.jp/school_exam/search/pdf2024/hongo.pdf
45,武蔵中学校,musashi,私立,東京,http://www.musashi.ed.jp/,http://www.sapia.jp/school_exam/search/pdf2024/musashi.pdf
46,明治大学付属中野中学校,meijidaigaku,私立,東京,,http://www.sapia.jp/school_exam/search/pdf2024/meiji_nakano.pdf
47,明星中学校,myoujou,私立,大阪,http://www.meisei.ed.jp/,http://www.sapia.jp/school_exam/search/pdf2024/meisei.pdf
48,横浜中学校,yokohama,私立,神奈川,http://www.yokohama-jsh.ac.jp/junior/index.html,http://www.sapia.jp/school_exam/search/pdf2024/yokohama.pdf
49,洛星中学校,raku,私立,京都,http://www.rakusei.ac.jp/,http://www.sapia.jp/school_exam/search/pdf2024/rakusei.pdf
50,ラ・サール中学校,ra・saaru,私立,鹿児島,http://www.lasalle.ed.jp/,http://www.sapia.jp/school_exam/search/pdf2024/lasalle.pdf
51,立教池袋中学校,rikkyou,私立,東京,http://ikebukuro.rikkyo.ac.jp/,http://www.sapia.jp/school_exam/search/pdf2024/rikkyoikebukuro.pdf
52,立教新座中学校,rikkyou,私立,埼玉,http://niiza.rikkyo.ac.jp/,http://www.sapia.jp/school_exam/search/pdf2024/rikkyoniiza.pdf
53,六甲学院中学校,rokkou,私立,兵庫,http://www.rokkogakuin.ed.jp/public_html/,http://www.sapia.jp/school_exam/search/pdf2024/rokko.pdf
54,早稲田中学校,waseda,私立,東京,http://www.waseda-h.ed.jp/,http://www.sapia.jp/school_exam/search/pdf2024/waseda.pdf
55,早稲田大学高等学院中学部,wasedadaigaku,私立,東京,https://www.waseda.jp/school/jhs/,http://www.sapia.jp/school_exam/search/pdf2024/wasedadaigaku.pdf
56,跡見学園中学校,atomigakuen,私立,東京,http://www.atomi.ac.jp/,http://www.sapia.jp/school_exam/search/pdf2024/atomi.pdf
57,浦和明の星女子中学校,urawa,私立,埼玉,http://www.urawa-akenohoshi.ed.jp/,http://www.sapia.jp/school_exam/search/pdf2024/urawaakenohoshi.pdf
58,江戸川女子中学校,edogawajoshi,私立,東京,http://www.edojo.jp/,http://www.sapia.jp/school_exam/search/pdf2024/edogawajoshi.pdf
59,桜蔭中学校,oin,私立,東京,http://www.oin.ed.jp/,http://www.sapia.jp/school_exam/search/pdf2024/oin.pdf
60,鷗友学園女子中学校,oyuugakuen,私立,東京,http://www.ohyu.jp/,http://www.sapia.jp/school_exam/search/pdf2024/ohyu.pdf
61,大阪女学院中学校,osaka,私立,大阪,http://www.osaka-jogakuin.ed.jp/,http://www.sapia.jp/school_exam/search/pdf2024/osakajogakuin.pdf
62,大谷中学校,otani,私立,大阪,http://www.osk-ohtani.ed.jp/,http://www.sapia.jp/school_exam/search/pdf2024/ohtani.pdf
63,大妻中学校,otsuma,私立,東京,http://www.otsuma.ed.jp/,http://www.sapia.jp/school_exam/search/pdf2024/otsuma.pdf
64,大妻多摩中学校,otsuma,私立,東京,http://www.otsuma-tama.ed.jp/,http://www.sapia.jp/school_exam/search/pdf2024/otsumatama.pdf
65,大妻中野中学校,otsuma,私立,東京,http://www.otsumanakano.ac.jp/,http://www.sapia.jp/school_exam/search/pdf2024/otsumanakano.pdf
66,大妻嵐山中学校,otsuma,私立,埼玉,http://www.otsuma-ranzan.ed.jp/,http://www.sapia.jp/school_exam/search/pdf2024/otsumaranzan.pdf
67,学習院女子中等科,gakushuuin,私立,東京,http://www.gakushuin.ac.jp/girl/,http://www.sapia.jp/school_exam/search/pdf2024/gakushuinjoshi.pdf
68,神奈川学園中学校,kanagawa,私立,神奈川,http://www.kanagawa-kgs.ac.jp/,http://www.sapia.jp/school_exam/search/pdf2024/kanagawagakuen.pdf
69,鎌倉女学院中学校,kamakura,私立,神奈川,http://www.kamajo.ac.jp/,http://www.sapia.jp/school_exam/search/pdf2024/kamakurajogakuin.pdf
70,カリタス女子中学校,karitasu,私立,神奈川,http://www.caritas.ed.jp/,http://www.sapia.jp/school_exam/search/pdf2024/caritas.pdf
71,北鎌倉女子学園中学校,kitakamakura,私立,神奈川,http://www.kitakama.ac.jp/,http://www.sapia.jp/school_exam/search/pdf2024/kitakamakura.pdf
72,吉祥女子中学校,kichijoujoshi,私立,東京,https://www.kichijo-joshi.jp/,http://www.sapia.jp/school_exam/search/pdf2024/kichijo.pdf
73,共立女子中学校,kyouritsujoshi,私立,東京,http://www.kyoritsu-wu.ac.jp/chukou/,http://www.sapia.jp/school_exam/search/pdf2024/kyoritsu.pdf
74,共立女子第二中学校,kyouritsujoshi,私立,東京,http://www.kyoritsu-wu.ac.jp/nichukou/,http://www.sapia.jp/school_exam/search/pdf2024/kyoritsu_dai2.pdf
75,恵泉女学園中学校,keisen,私立,東京,http://www.keisen.jp/,http://www.sapia.jp/school_exam/search/pdf2024/keisen.pdf
76,光塩女子学院中等科,koenjoshigakuin,私立,東京,http://www.koen-ejh.ed.jp/,http://www.sapia.jp/school_exam/search/pdf2024/koen.pdf
77,晃華学園中学校,kokagakuen,私立,東京,http://www.kokagakuen.ac.jp/,http://www.sapia.jp/school_exam/search/pdf2024/kokagakuen.pdf
78,麴町学園女子中学校,kojimachi,私立,東京,http://www.kojimachi.ed.jp/,http://www.sapia.jp/school_exam/search/pdf2024/kojimachi.pdf
79,甲南女子中学校,konan,私立,兵庫,http://www.konan-gs.ed.jp/,http://www.sapia.jp/school_exam/search/pdf2024/konanjoshi.pdf
80,国府台女子学院中学部,konodai,私立,千葉,http://www.konodai-gs.ac.jp/,http://www.sapia.jp/school_exam/search/pdf2024/konodai.pdf
81,神戸海星女子学院中学校,kobe,私立,兵庫,http://www.kobekaisei.ed.jp/,http://www.sapia.jp/school_exam/search/pdf2024/kobekaisei.pdf
82,神戸女学院中学部,kobejogakuin,私立,兵庫,http://www.kobejogakuin-h.ed.jp/,http://www.sapia.jp/school_exam/search/pdf2024/kobejogakuin.pdf
83,香蘭女学校中等科,koranjogakkou,私立,東京,http://www.koran.ed.jp,http://www.sapia.jp/school_exam/search/pdf2024/koran.pdf
84,実践女子学園中学校,jissenjoshigakuen,私立,東京,http://www.jissen.ac.jp/,http://www.sapia.jp/school_exam/search/pdf2024/jissenjoshi.pdf
85,四天王寺中学校,shitennou,私立,大阪,http://www.shitennoji.ac.jp/index.html,http://www.sapia.jp/school_exam/search/pdf2024/shitennoji.pdf
86,品川女子学院中等部,shinagawajoshigakuin,私立,東京,http://www.shinagawajoshigakuin.jp,http://www.sapia.jp/school_exam/search/pdf2024/shinagawajoshi.pdf
87,十文字中学校,juumonji,私立,東京,http://www.jumonji-u.ac.jp/high/,http://www.sapia.jp/school_exam/search/pdf2024/jumonji.pdf
88,淑徳与野中学校,shukutoku,私立,埼玉,http://www.shukutoku.yono.saitama.jp/,http://www.sapia.jp/school_exam/search/pdf2024/shukutokuyono.pdf
89,頌栄女子学院中学校,shoueijoshigakuin,私立,東京,http://www.shoei.ed.jp,http://www.sapia.jp/school_exam/search/pdf2024/shoei.pdf
90,湘南白百合学園中学校,shounan,私立,神奈川,http://www.shonan-shirayuri.ac.jp/,http://www.sapia.jp/school_exam/search/pdf2024/shonanshirayuri.pdf
91,昭和女子大学附属昭和中学校,shouwajoshidai,私立,東京,http://jhs.swu.ac.jp/,http://www.sapia.jp/school_exam/search/pdf2024/showajoshi_showa.pdf
92,女子学院中学校,joshigakuin,私立,東京,,http://www.sapia.jp/school_exam/search/pdf2024/joshigakuin.pdf
93,女子聖学院中学校,joshiseigakuin,私立,東京,http://www.joshiseigakuin.ed.jp/,http://www.sapia.jp/school_exam/search/pdf2024/joshiseigakuin.pdf
94,白百合学園中学校,shirayurigakuen,私立,東京,http://www.shirayuri.ed.jp/top.html,http://www.sapia.jp/school_exam/search/pdf2024/shirayuri.pdf
95,親和中学校,shinwa,私立,兵庫,http://www.kobe-shinwa.ed.jp/,http://www.sapia.jp/school_exam/search/pdf2024/shinwa.pdf
96,聖セシリア女子中学校,hijiri,私立,神奈川,http://www.cecilia.ac.jp,http://www.sapia.jp/school_exam/search/pdf2024/cecilia.pdf
97,清泉女学院中学校,seisen,私立,神奈川,http://www.seisen-h.ed.jp/,http://www.sapia.jp/school_exam/search/pdf2024/seisen.pdf
98,洗足学園中学校,senzokugakuen,私立,神奈川,http://www.senzoku-gakuen.ed.jp/,http://www.sapia.jp/school_exam/search/pdf2024/senzoku.pdf
99,捜真女学校中学部,so,私立,神奈川,http://www.soshin.ac.jp/,http://www.sapia.jp/school_exam/search/pdf2024/soshin.pdf
100,玉川聖学院中等部,tamagawaseigakuin,私立,東京,http://www.tamasei.ed.jp,http://www.sapia.jp/school_exam/search/pdf2024/tamagawaseigakuin.pdf
101,田園調布学園中等部,denenchofu,私立,東京,http://www.chofu.ed.jp,http://www.sapia.jp/school_exam/search/pdf2024/denenchofu.pdf
102,東京家政大学附属女子中学校,tokyoukaseidaigaku,私立,東京,http://www.tokyo-kasei.ed.jp/,http://www.sapia.jp/school_exam/search/pdf2024/tokyokasei.pdf
103,東京純心女子中学校,tokyou,私立,東京,http://www.t-junshin.ac.jp/jhs/,http://www.sapia.jp/school_exam/search/pdf2024/tokyojunshin.pdf
104,東京女学館中学校,tokyoujogakkan,私立,東京,http://www.tjk.jp/mh/,http://www.sapia.jp/school_exam/search/pdf2024/tokyojogakukan.pdf
105,同志社女子中学校,doushisha,私立,京都,http://www.girls.doshisha.ac.jp/,http://www.sapia.jp/school_exam/search/pdf2024/doshishajoshi.pdf
106,桐朋女子中学校,tohoujoshi,私立,東京,http://www.toho.ac.jp/,http://www.sapia.jp/school_exam/search/pdf2024/tohojoshi.pdf
107,東洋英和女学院中学部,toyoueiwa,私立,東京,http://www.toyoeiwa.ac.jp/chu-ko/index.html,http://www.sapia.jp/school_exam/search/pdf2024/toyoeiwa.pdf
108,トキワ松学園中学校,tokiwa,私立,東京,https://tokiwamatsu.ac.jp/,http://www.sapia.jp/school_exam/search/pdf2024/tokiwamatsu.pdf
109,豊島岡女子学園中学校,toyoshima,私立,東京,http://www.toshimagaoka.ed.jp/,http://www.sapia.jp/school_exam/search/pdf2024/toshimagaoka.pdf
110,日本女子大学附属中学校,nihonjoshi,私立,神奈川,http://www.jwu.ac.jp/hsc/,http://www.sapia.jp/school_exam/search/pdf2024/nihonjoshi.pdf
111,日本大学豊山女子中学校,nihondaigaku,私立,東京,http://www.buzan-joshi.hs.nihon-u.ac.jp/,http://www.sapia.jp/school_exam/search/pdf2024/nihonbuzanjoshi.pdf
112,フェリス女学院中学校,fuerisu,私立,神奈川,http://www.ferris.ed.jp/,http://www.sapia.jp/school_exam/search/pdf2024/ferris.pdf
113,不二聖心女子学院中学校,fuji,私立,静岡,http://www.fujiseishin-jh.ed.jp/,http://www.sapia.jp/school_exam/search/pdf2024/fujiseishin.pdf
114,富士見中学校,fujimi,私立,東京,http://www.fujimi.ac.jp/,http://www.sapia.jp/school_exam/search/pdf2024/fujimi.pdf
115,富士見丘中学校,fujimigaoka,私立,東京,http://www.fujimigaoka.ac.jp/,http://www.sapia.jp/school_exam/search/pdf2024/fujimigaoka.pdf
116,雙葉中学校,futaba,私立,東京,http://www.futabagakuen-jh.ed.jp/,http://www.sapia.jp/school_exam/search/pdf2024/futaba.pdf
117,普連土学園中学校,furendogakuen,私立,東京,http://www.friends.ac.jp/,http://www.sapia.jp/school_exam/search/pdf2024/friend.pdf
118,聖園女学院中学校,hijiri,私立,神奈川,http://www.misono.jp/,http://www.sapia.jp/school_exam/search/pdf2024/misono.pdf
119,三輪田学園中学校,miwadagakuen,私立,東京,http://www.miwada.ac.jp/,http://www.sapia.jp/school_exam/search/pdf2024/miwada.pdf
120,山脇学園中学校,yamawakigakuen,私立,東京,http://www.yamawaki.ed.jp/,http://www.sapia.jp/school_exam/search/pdf2024/yamawaki.pdf
121,横浜共立学園中学校,yokohama,私立,神奈川,http://www.kjg.ed.jp/,http://www.sapia.jp/school_exam/search/pdf2024/yokohamakyoritsu.pdf
122,横浜女学院中学校,yokohama,私立,神奈川,http://www.yjg.y-gakuin.ed.jp/,http://www.sapia.jp/school_exam/search/pdf2024/yokohamajogakuin.pdf
123,横浜雙葉中学校,yokohama,私立,神奈川,http://www.yokohamafutaba.ed.jp/highsch/index.html,http://www.sapia.jp/school_exam/search/pdf2024/yokohamafutaba.pdf
124,立教女学院中学校,rikkyou,私立,東京,http://hs.rikkyojogakuin.ac.jp/,http://www.sapia.jp/school_exam/search/pdf2024/rikkyojogakuin.pdf
125,和洋九段女子中学校,wayoukudan,私立,東京,http://www.wayokudan.ed.jp/,http://www.sapia.jp/school_exam/search/pdf2024/wayokudan.pdf
126,和洋国府台女子中学校,wayou,私立,千葉,http://www.wayokonodai.ed.jp/TYUHP/index.html,http://www.sapia.jp/school_exam/search/pdf2024/wayokonodai.pdf
127,愛光中学校,aiko,私立,愛媛,http://www.aiko.ed.jp/,http://www.sapia.jp/school_exam/search/pdf2024/aiko.pdf
128,青山学院中等部,aoyamagakuin,私立,東京,http://www.jh.aoyama.ed.jp/,http://www.sapia.jp/school_exam/search/pdf2024/aoyama.pdf
129,青山学院大学系属浦和ルーテル学院中学校,aoyamagakuindaigaku,私立,埼玉,https://www.uls.ed.jp/js/,http://www.sapia.jp/school_exam/search/pdf2024/aoyama_urawa.pdf
130,青山学院横浜英和中学校,aoyamagakuin,私立,神奈川,http://www.yokohama-eiwa.ac.jp/chukou/,http://www.sapia.jp/school_exam/search/pdf2024/aoyama_yokohamaeiwa.pdf
131,市川中学校,ichikawa,私立,千葉,http://www.ichigaku.ac.jp/,http://www.sapia.jp/school_exam/search/pdf2024/ichikawa.pdf
132,千葉市立稲毛国際中等教育学校,chibaichiritsu,公立,千葉,https://www.city.chiba.jp/school/hs/001/index.html,http://www.sapia.jp/school_exam/search/pdf2024/inage.pdf
133,さいたま市立浦和中学校,saitama,公立,埼玉,http://www.m-urawa.ed.jp/,http://www.sapia.jp/school_exam/search/pdf2024/urawa.pdf
134,浦和実業学園中学校,urawa,私立,埼玉,http://www.urajitsu.ed.jp/jh/,http://www.sapia.jp/school_exam/search/pdf2024/urawajitsugyo.pdf
135,穎明館中学校,eimeikan,私立,東京,http://www.emk.ac.jp/,http://www.sapia.jp/school_exam/search/pdf2024/eimeikan.pdf
136,江戸川学園取手中学校,edogawa,私立,茨城,http://www.e-t.ed.jp/,http://www.sapia.jp/school_exam/search/pdf2024/edogawagakuen.pdf
137,東京都立桜修館中等教育学校,tokyoutoritsu,公立,東京,https://www.metro.ed.jp/oshukan-s/,http://www.sapia.jp/school_exam/search/pdf2024/oshukan.pdf
138,桜美林中学校,obirin,私立,東京,http://www.obirin.ed.jp/,http://www.sapia.jp/school_exam/search/pdf2024/obirin.pdf
139,東京都立大泉高等学校附属中学校,tokyoutoritsudai,公立,東京,https://oizumi-h.metro.ed.jp/main/,http://www.sapia.jp/school_exam/search/pdf2024/oizumi.pdf
140,大阪教育大学附属池田中学校,osakakyouikudai,国立,大阪,http://www.ikeda-j.oku.ed.jp/,http://www.sapia.jp/school_exam/search/pdf2024/ikeda.pdf
141,大阪教育大学附属天王寺中学校,osakakyouikudai,国立,大阪,https://f.osaka-kyoiku.ac.jp/tennoji-j/,http://www.sapia.jp/school_exam/search/pdf2024/tennoji.pdf
142,大阪教育大学附属平野中学校,osakakyouikudai,国立,大阪,http://www.hirano-j.oku.ed.jp/,http://www.sapia.jp/school_exam/search/pdf2024/hirano.pdf
143,大阪桐蔭中学校,osakatoin,私立,大阪,http://www.osakatoin.ed.jp/,http://www.sapia.jp/school_exam/search/pdf2024/osakatoin.pdf
144,大宮開成中学校,omiya,私立,埼玉,http://www.omiyakaisei.jp/,http://www.sapia.jp/school_exam/search/pdf2024/omiyakaisei.pdf
145,さいたま市立大宮国際中等教育学校,saitama,公立,埼玉,http://www.city-saitama.ed.jp/ohmiyakokusai-h/,http://www.sapia.jp/school_exam/search/pdf2024/oomiyakokusai.pdf
146,岡山白陵中学校,okayama,私立,岡山,http://www.okahaku.ed.jp/,http://www.sapia.jp/school_exam/search/pdf2024/okayamahakuryo.pdf
147,お茶の水女子大学附属中学校,o,国立,東京,http://www.ft.ocha.ac.jp/,http://www.sapia.jp/school_exam/search/pdf2024/ochanomizu.pdf
148,開智中学校,kai,私立,埼玉,https://ikkanbu.kaichigakuen.ed.jp/,http://www.sapia.jp/school_exam/search/pdf2024/kaichi.pdf
149,開智日本橋学園中学校,kai,私立,東京,http://www.kng.ed.jp/,http://www.sapia.jp/school_exam/search/pdf2024/kaichinihonbashi.pdf
150,開智未来中学校,kai,私立,埼玉,http://www.kaichimirai.ed.jp/,http://www.sapia.jp/school_exam/search/pdf2024/kaichimirai.pdf
151,開明中学校,kaimei,私立,大阪,https://www.kaimei.ed.jp/,http://www.sapia.jp/school_exam/search/pdf2024/kaimei.pdf
152,かえつ有明中学校,kaetsu,私立,東京,http://www.ariake.kaetsu.ac.jp/,http://www.sapia.jp/school_exam/search/pdf2024/kaetsuariake.pdf
153,春日部共栄中学校,kasukabekyouei,私立,埼玉,https://www.k-kyoei.ed.jp/jr/,http://www.sapia.jp/school_exam/search/pdf2024/kasukabekyoei.pdf
154,片山学園中学校,katayama,私立,富山,http://www.katayamagakuen.jp/,http://www.sapia.jp/school_exam/search/pdf2024/katayama.pdf
155,神奈川大学附属中学校,kanagawadaigaku,私立,神奈川,http://www.fhs.kanagawa-u.ac.jp/,http://www.sapia.jp/school_exam/search/pdf2024/kanagawadaigaku.pdf
156,関西大学中等部,kansaidaigaku,私立,大阪,http://www.kansai-u.ac.jp/junior/index.html,http://www.sapia.jp/school_exam/search/pdf2024/kansaidaigaku.pdf
157,関西大学第一中学校,kansaidaigaku,私立,大阪,http://www.kansai-u.ac.jp/dai-ichi/junior/,http://www.sapia.jp/school_exam/search/pdf2024/kansaidaigaku_dai1.pdf
158,関西学院中学部,kanseigakuin,私立,兵庫,https://www.kwansei.ac.jp/jh/,http://www.sapia.jp/school_exam/search/pdf2024/kwansei.pdf
159,関東学院中学校,kantogakuin,私立,神奈川,http://www.kantogakuin.ed.jp/,http://www.sapia.jp/school_exam/search/pdf2024/kantogakuin.pdf
160,関東学院六浦中学校,kantogakuimmutsuura,私立,神奈川,http://www.kgm.ed.jp,http://www.sapia.jp/school_exam/search/pdf2024/kantogakuinmutsuura.pdf
161,金蘭千里中学校,kinran,私立,大阪,http://www.kinransenri.com/,http://www.sapia.jp/school_exam/search/pdf2024/kinransenri.pdf
162,千代田区立九段中等教育学校,chiyodaku,公立,東京,http://www.kudan.ed.jp/,http://www.sapia.jp/school_exam/search/pdf2024/kudan.pdf
163,公文国際学園中等部,kumon,私立,神奈川,http://www.kumon.ac.jp/k-gakuen/kokusai/,http://www.sapia.jp/school_exam/search/pdf2024/kumon.pdf
164,久留米大学附設中学校,kurume,私立,福岡,http://www.std.mii.kurume-u.ac.jp/fusetsu/,http://www.sapia.jp/school_exam/search/pdf2024/kurume.pdf
165,慶應義塾湘南藤沢中等部,keiogijuku,私立,神奈川,http://www.sfc-js.keio.ac.jp/,http://www.sapia.jp/school_exam/search/pdf2024/keio_shonanfujisawa.pdf
166,慶應義塾中等部,keiogijuku,私立,東京,http://www.kgc.keio.ac.jp/,http://www.sapia.jp/school_exam/search/pdf2024/keio_chutobu.pdf
167,東京都立小石川中等教育学校,tokyoutoritsu,公立,東京,https://www.metro.ed.jp/koishikawa-s/,http://www.sapia.jp/school_exam/search/pdf2024/koishikawa.pdf
168,光英VERITAS中学校,mitsuhide,私立,千葉,https://koei-veritas.jp/,http://www.sapia.jp/school_exam/search/pdf2024/koei_veritas.pdf
169,工学院大学附属中学校,kogakuindaigaku,私立,東京,http://www.js.kogakuin.ac.jp/junior/,http://www.sapia.jp/school_exam/search/pdf2024/kogakuin.pdf
170,神戸大学附属中等教育学校,kobedaigaku,国立,兵庫,http://www.edu.kobe-u.ac.jp/kuss-top/,http://www.sapia.jp/school_exam/search/pdf2024/kobedaigaku.pdf
171,国学院大学久我山中学校,kokugakuindai,私立,東京,http://www.kugayama-h.ed.jp/,http://www.sapia.jp/school_exam/search/pdf2024/kokugakuinkugayama.pdf
172,駒込中学校,komagome,私立,東京,http://www.komagome.ed.jp/,http://www.sapia.jp/school_exam/search/pdf2024/komagome.pdf
173,埼玉栄中学校,saitama,私立,埼玉,http://www.saitamasakae-h.ed.jp/,http://www.sapia.jp/school_exam/search/pdf2024/saitamasakae.pdf
174,埼玉大学教育学部附属中学校,saitamadaigaku,国立,埼玉,http://www.jhs.saitama-u.ac.jp/,http://www.sapia.jp/school_exam/search/pdf2024/saitamadaigakukyoiku.pdf
175,栄東中学校,sakae,私立,埼玉,http://www.sakaehigashi.ed.jp/,http://www.sapia.jp/school_exam/search/pdf2024/sakaehigashi.pdf
176,神奈川県立相模原中等教育学校,kanagawaken,公立,神奈川,https://www.pen-kanagawa.ed.jp/sagamihara-chuto-ss/index.html,http://www.sapia.jp/school_exam/search/pdf2024/sagamihara.pdf
177,佐久長聖中学校,saku,私立,長野,http://sakuchosei.ed.jp/,http://www.sapia.jp/school_exam/search/pdf2024/sakuchosei.pdf
178,狭山ヶ丘高等学校付属中学校,sayama,私立,埼玉,http://www.sayamagaoka-h.ed.jp/juniorhighschool/,http://www.sapia.jp/school_exam/search/pdf2024/sayamagaoka.pdf
179,サレジアン国際学園中学校,sarejian,私立,東京,https://www.salesian.international.seibi.ac.jp/,http://www.sapia.jp/school_exam/search/pdf2024/salesiankokusai.pdf
180,サレジアン国際学園世田谷中学校,sarejian,私立,東京,http://www.meguroseibi.ed.jp/salesian/,http://www.sapia.jp/school_exam/search/pdf2024/salesiankokusai_setagaya.pdf
181,三田学園中学校,mita,私立,兵庫,http://www.sandagakuen.ed.jp/,http://www.sapia.jp/school_exam/search/pdf2024/sanda.pdf
182,自修館中等教育学校,jishuu,私立,神奈川,http://www.jishukan.ed.jp/,http://www.sapia.jp/school_exam/search/pdf2024/jishukan.pdf
183,品川翔英中学校,shinagawa,私立,東京,http://shinagawa-shouei.ac.jp/juniorhighschool/,http://www.sapia.jp/school_exam/search/pdf2024/shinagawa_shouei.pdf
184,芝浦工業大学柏中学校,shibaura,私立,千葉,http://www.ka.shibaura-it.ac.jp/,http://www.sapia.jp/school_exam/search/pdf2024/shibaura_kashiwa.pdf
185,芝浦工業大学附属中学校,shibaura,私立,東京,http://www.ijh.shibaura-it.ac.jp/,http://www.sapia.jp/school_exam/search/pdf2024/shibaura.pdf
186,芝国際中学校,shiba,私立,東京,https://www.shiba-kokusai.ed.jp/,http://www.sapia.jp/school_exam/search/pdf2024/shibakokusai.pdf
187,渋谷教育学園渋谷中学校,shibuya,私立,東京,https://www.shibushibu.jp/,http://www.sapia.jp/school_exam/search/pdf2024/shibuya_sibuya.pdf
188,渋谷教育学園幕張中学校,shibuya,私立,千葉,http://www.shibumaku.jp/,http://www.sapia.jp/school_exam/search/pdf2024/shibuya_makuhari.pdf
189,夙川中学校,shukugawa,私立,兵庫,https://www.sumashuku.jp/,http://www.sapia.jp/school_exam/search/pdf2024/shukugawa.pdf
190,淑徳中学校,shukutoku,私立,東京,http://www.shukutoku.ed.jp/,http://www.sapia.jp/school_exam/search/pdf2024/shukutoku.pdf
191,淑徳巣鴨中学校,shukutokusugamo,私立,東京,http://shukusu.ed.jp,http://www.sapia.jp/school_exam/search/pdf2024/shukutokusugamo.pdf
192,順天中学校,junten,私立,東京,http://www.junten.ed.jp/,http://www.sapia.jp/school_exam/search/pdf2024/junten.pdf
193,常総学院中学校,jousogakuin,私立,茨城,https://joso.ac.jp/junior/,http://www.sapia.jp/school_exam/search/pdf2024/joso.pdf
194,湘南学園中学校,shounan,私立,神奈川,https://www.shogak.ac.jp/highschool/,http://www.sapia.jp/school_exam/search/pdf2024/shonangakuen.pdf
195,昌平中学校,shouhei,私立,埼玉,https://www.shohei.sugito.saitama.jp/contents/jhs/,http://www.sapia.jp/school_exam/search/pdf2024/shohei.pdf
196,昭和学院中学校,shouwa,私立,千葉,http://www.showa-gkn.ed.jp/,http://www.sapia.jp/school_exam/search/pdf2024/showagakuin.pdf
197,昭和学院秀英中学校,shouwa,私立,千葉,http://www.showa-shuei.ed.jp/,http://www.sapia.jp/school_exam/search/pdf2024/showagakuin_shuei.pdf
198,須磨学園中学校,suma,私立,兵庫,http://www.suma.ac.jp/,http://www.sapia.jp/school_exam/search/pdf2024/suma.pdf
199,青雲中学校,seiun,私立,長崎,https://seiun-jh.ed.jp/,http://www.sapia.jp/school_exam/search/pdf2024/seiun.pdf
200,成蹊中学校,seikei,私立,東京,http://www.seikei.ac.jp/jsh/,http://www.sapia.jp/school_exam/search/pdf2024/seikei.pdf
201,成城学園中学校,seijougakuen,私立,東京,http://www.seijogakuen.ed.jp/chukou/,http://www.sapia.jp/school_exam/search/pdf2024/seijogakuen.pdf
202,清風南海中学校,seifuu,私立,大阪,http://www.seifunankai.ac.jp/,http://www.sapia.jp/school_exam/search/pdf2024/seifunankai.pdf
203,西武学園文理中学校,seibu,私立,埼玉,https://www.bunri-s.ed.jp/,http://www.sapia.jp/school_exam/search/pdf2024/seibu_bunri.pdf
204,青稜中学校,ao,私立,東京,http://www.seiryo-js.ed.jp/,http://www.sapia.jp/school_exam/search/pdf2024/seiryo.pdf
205,専修大学松戸中学校,senshuudaigaku,私立,千葉,http://www.senshu-u-matsudo.ed.jp/,http://www.sapia.jp/school_exam/search/pdf2024/senshuu_matsudo.pdf
206,高槻中学校,takatsuki,私立,大阪,http://www.takatsuki.ed.jp/,http://www.sapia.jp/school_exam/search/pdf2024/takatsuki.pdf
207,東京都立立川国際中等教育学校,tokyoutoritsu,公立,東京,https://www.metro.ed.jp/tachikawa-s/,http://www.sapia.jp/school_exam/search/pdf2024/tachikawakokusai.pdf
208,玉川学園中学部,tamagawagakuen,私立,東京,http://www.tamagawa.ed.jp/,http://www.sapia.jp/school_exam/search/pdf2024/tamagawagakuen.pdf
209,多摩大学附属聖ヶ丘中学校,tama,私立,東京,http://www.hijirigaoka.ed.jp/,http://www.sapia.jp/school_exam/search/pdf2024/tamadaigaku_hijirigaoka.pdf
210,多摩大学目黒中学校,tama,私立,東京,http://www.tmh.ac.jp/,http://www.sapia.jp/school_exam/search/pdf2024/tamadaigaku_meguro.pdf
211,千葉県立千葉中学校,chibaken,公立,千葉,https://cms1.chiba-c.ed.jp/chiba-j/,http://www.sapia.jp/school_exam/search/pdf2024/chiba.pdf
212,千葉大学教育学部附属中学校,chibadaigaku,国立,千葉,http://www.jr.chiba-u.jp/,http://www.sapia.jp/school_exam/search/pdf2024/chibadaigakukyoiku.pdf
213,千葉日本大学第一中学校,chiba,私立,千葉,http://www.chibanichi.ed.jp,http://www.sapia.jp/school_exam/search/pdf2024/chibanihondaigaku_dai1.pdf
214,智辯学園和歌山中学校,chiben,私立,和歌山,http://www.chiben.ac.jp/wakayama/,http://www.sapia.jp/school_exam/search/pdf2024/chiben.pdf
215,中央大学附属中学校,chuodaigaku,私立,東京,http://chu-fu.ed.jp/,http://www.sapia.jp/school_exam/search/pdf2024/chuou.pdf
216,中央大学附属横浜中学校,chuodaigaku,私立,神奈川,http://yokohama-js.chuo-u.ac.jp/,http://www.sapia.jp/school_exam/search/pdf2024/chuou_yokohama.pdf
217,筑波大学附属中学校,tsukubadaigaku,国立,東京,http://www.high-s.tsukuba.ac.jp/jhs/,http://www.sapia.jp/school_exam/search/pdf2024/tsukuba.pdf
218,土浦日本大学中等教育学校,tsuchiura,私立,茨城,http://www.tng.ac.jp/sec-sch/,http://www.sapia.jp/school_exam/search/pdf2024/tsuchiuranihondaigaku.pdf
219,鶴見大学附属中学校,tsurumi,私立,神奈川,http://www.tsurumi-fuzoku.ed.jp/,http://www.sapia.jp/school_exam/search/pdf2024/tsurumi.pdf
220,帝京大学中学校,teikyoudaigaku,私立,東京,http://www.teikyo-u.ed.jp/,http://www.sapia.jp/school_exam/search/pdf2024/teikyo.pdf
221,帝塚山中学校,tezukayama,私立,奈良,http://www.tezukayama-h.ed.jp/,http://www.sapia.jp/school_exam/search/pdf2024/tezukayama.pdf
222,桐蔭学園中等教育学校,toingakuen,私立,神奈川,https://toin.ac.jp/ses/,http://www.sapia.jp/school_exam/search/pdf2024/toin.pdf
223,東海大学付属浦安高等学校中等部,tokaidaigaku,私立,千葉,http://www.urayasu.tokai.ed.jp/,http://www.sapia.jp/school_exam/search/pdf2024/tokaidaigaku_urayasu.pdf
224,東海大学付属高輪台高等学校中等部,tokaidaigaku,私立,東京,http://www.takanawadai.tokai.ed.jp/,http://www.sapia.jp/school_exam/search/pdf2024/tokaidaigaku_takanawadai.pdf
225,東京学芸大学附属小金井中学校,tokyougakugeidaigaku,国立,東京,http://www.u-gakugei.ac.jp/~gkoganei/,http://www.sapia.jp/school_exam/search/pdf2024/tokyogakugei_koganei.pdf
226,東京学芸大学附属国際中等教育学校,tokyougakugeidaigaku,国立,東京,http://www.iss.oizumi.u-gakugei.ac.jp/,http://www.sapia.jp/school_exam/search/pdf2024/tokyogakugei_kokusai.pdf
227,東京学芸大学附属世田谷中学校,tokyougakugeidaigaku,国立,東京,http://www.u-gakugei.ac.jp/~setachu/,http://www.sapia.jp/school_exam/search/pdf2024/tokyogakugei_setagaya.pdf
228,東京学芸大学附属竹早中学校,tokyougakugeidaigaku,国立,東京,http://www.u-gakugei.ac.jp/~takechu/,http://www.sapia.jp/school_exam/search/pdf2024/tokyogakugei_takehaya.pdf
229,東京成徳大学中学校,tokyou,私立,東京,http://www.tokyoseitoku.jp/js/,http://www.sapia.jp/school_exam/search/pdf2024/tokyoseitoku.pdf
230,東京大学教育学部附属中等教育学校,tokyoudaigaku,国立,東京,http://www.hs.p.u-tokyo.ac.jp/,http://www.sapia.jp/school_exam/search/pdf2024/tokyodaigakukyoiku.pdf
231,東京電機大学中学校,tokyoudenkidaigaku,私立,東京,http://www.dendai.ed.jp/,http://www.sapia.jp/school_exam/search/pdf2024/tokyodenki.pdf
232,東京都市大学等々力中学校,tokyouto,私立,東京,http://www.tcu-todoroki.ed.jp/,http://www.sapia.jp/school_exam/search/pdf2024/tokyotoshi_todoroki.pdf
233,東京農業大学第一高等学校中等部,tokyounougyoudaigaku,私立,東京,http://www.nodai-1-h.ed.jp/,http://www.sapia.jp/school_exam/search/pdf2024/tokyonodai_dai1.pdf
234,東京農業大学第三高等学校附属中学校,tokyounougyoudaigaku,私立,埼玉,http://www.nodai-3-h.ed.jp/,http://www.sapia.jp/school_exam/search/pdf2024/tokyonodai_dai3.pdf
235,桐光学園中学校,toko,私立,神奈川,http://www.toko.ed.jp/high/index.html,http://www.sapia.jp/school_exam/search/pdf2024/toko.pdf
236,同志社中学校,doushisha,私立,京都,http://www.js.doshisha.ac.jp/jhs/,http://www.sapia.jp/school_exam/search/pdf2024/doshisha.pdf
237,同志社香里中学校,doushisha,私立,大阪,http://www.kori.doshisha.ac.jp/,http://www.sapia.jp/school_exam/search/pdf2024/doshishakori.pdf
238,東邦大学付属東邦中学校,tohoudaigaku,私立,千葉,http://www.tohojh.toho-u.ac.jp/,http://www.sapia.jp/school_exam/search/pdf2024/tohodaigaku.pdf
239,東洋大学京北中学校,toyoudaigaku,私立,東京,https://www.toyo.ac.jp/toyodaikeihoku/,http://www.sapia.jp/school_exam/search/pdf2024/toyodaigakukeihoku.pdf
240,獨協埼玉中学校,dokkyou,私立,埼玉,http://www.dokkyo-saitama.ed.jp/,http://www.sapia.jp/school_exam/search/pdf2024/dokkyo_saitama.pdf
241,ドルトン東京学園中等部,doruton,私立,東京,https://www.daltontokyo.ed.jp/,http://www.sapia.jp/school_exam/search/pdf2024/daltontokyo.pdf
242,長崎日本大学中学校,nagasaki,私立,長崎,http://www.nagasaki-nichidai.jp/,http://www.sapia.jp/school_exam/search/pdf2024/nagasaki.pdf
243,茨城県立並木中等教育学校,ibarakiken,公立,茨城,http://www.namiki-cs.ibk.ed.jp/,http://www.sapia.jp/school_exam/search/pdf2024/namiki.pdf
244,奈良学園中学校,nara,私立,奈良,http://www.naragakuen.ed.jp/,http://www.sapia.jp/school_exam/search/pdf2024/naragakuen.pdf
245,西大和学園中学校,nishi,私立,奈良,http://www.nishiyamato.ed.jp/,http://www.sapia.jp/school_exam/search/pdf2024/nishiyamato.pdf
246,日本大学中学校,nihondaigaku,私立,神奈川,http://www.nihon-u.ac.jp/orgni/yokohama/,http://www.sapia.jp/school_exam/search/pdf2024/nihondaigaku.pdf
247,日本大学第一中学校,nihondaigaku,私立,東京,http://www.nichidai-1.ed.jp/,http://www.sapia.jp/school_exam/search/pdf2024/nihondaigaku_dai1.pdf
248,日本大学第二中学校,nihondaigaku,私立,東京,http://www.nichidai2.ac.jp/,http://www.sapia.jp/school_exam/search/pdf2024/nihondaigaku_dai2.pdf
249,日本大学第三中学校,nihondaigaku,私立,東京,http://www.nichidai3.ed.jp/,http://www.sapia.jp/school_exam/search/pdf2024/nihondaigaku_dai3.pdf
250,日本大学藤沢中学校,nihondaigaku,私立,神奈川,http://www.fujisawa.hs.nihon-u.ac.jp/,http://www.sapia.jp/school_exam/search/pdf2024/nihondaigaku_fujisawa.pdf
251,東京都立白鷗高等学校附属中学校,tokyoutoritsu,公立,東京,https://www.metro.ed.jp/hakuo-h/,http://www.sapia.jp/school_exam/search/pdf2024/hakuo.pdf
252,白陵中学校,shiro,私立,兵庫,http://www.hakuryo.ed.jp/,http://www.sapia.jp/school_exam/search/pdf2024/hakuryo.pdf
253,八王子学園八王子中学校,hachioji,私立,東京,http://www.hachioji.ed.jp/junr/,http://www.sapia.jp/school_exam/search/pdf2024/hachioji.pdf
254,千葉県立東葛飾中学校,chibaken,公立,千葉,http://cms1.chiba-c.ed.jp/tohkatsu-jh/,http://www.sapia.jp/school_exam/search/pdf2024/higashikatsushika.pdf
255,日出学園中学校,hinode,私立,千葉,http://www.hinode.ed.jp/,http://www.sapia.jp/school_exam/search/pdf2024/hinode.pdf
256,雲雀丘学園中学校,hibarigaoka,私立,兵庫,http://www.hibari.jp/,http://www.sapia.jp/school_exam/search/pdf2024/hibarigaoka.pdf
257,神奈川県立平塚中等教育学校,kanagawaken,公立,神奈川,https://www.pen-kanagawa.ed.jp/hiratsuka-chuto-ss/,http://www.sapia.jp/school_exam/search/pdf2024/hiratsuka.pdf
258,広尾学園中学校,hiroo,私立,東京,http://www.hiroogakuen.ed.jp/,http://www.sapia.jp/school_exam/search/pdf2024/hiroogakuen.pdf
259,広尾学園小石川中学校,hiroo,私立,東京,https://hiroo-koishikawa.ed.jp/,http://www.sapia.jp/school_exam/search/pdf2024/hiroo_koishikawa.pdf
260,東京都立富士高等学校附属中学校,tokyoutoritsu,公立,東京,https://www.metro.ed.jp/fuji-s/,http://www.sapia.jp/school_exam/search/pdf2024/fuji.pdf
261,武南中学校,bunan,私立,埼玉,http://www.bunan.ed.jp/j-highschool/,http://www.sapia.jp/school_exam/search/pdf2024/bunan.pdf
262,文化学園大学杉並中学校,bunka,私立,東京,https://bunsugi.jp/,http://www.sapia.jp/school_exam/search/pdf2024/bunkagakuen_suginami.pdf
263,文教大学付属中学校,bunkyoudaigaku,私立,東京,https://www.bunkyo.ac.jp/faculty/ghsn/,http://www.sapia.jp/school_exam/search/pdf2024/bunkyo.pdf
264,法政大学中学校,houseidaigaku,私立,東京,http://www.hosei.ed.jp/,http://www.sapia.jp/school_exam/search/pdf2024/hosei.pdf
265,法政大学第二中学校,houseidaigaku,私立,神奈川,http://www.hosei2.ed.jp/,http://www.sapia.jp/school_exam/search/pdf2024/hosei_dai2.pdf
266,宝仙学園中学校,housengakuen,私立,東京,http://risu-inter.ed.jp/,http://www.sapia.jp/school_exam/search/pdf2024/hosen.pdf
267,星野学園中学校,hoshino,私立,埼玉,http://www.hoshinogakuen.ed.jp/,http://www.sapia.jp/school_exam/search/pdf2024/hoshinogakuen.pdf
268,細田学園中学校,hosoda,私立,埼玉,https://www.hosodagakuen.jp/,http://www.sapia.jp/school_exam/search/pdf2024/hosodagakuen.pdf
269,東京都立三鷹中等教育学校,tokyoutoritsu,公立,東京,https://www.metro.ed.jp/mitaka-s/,http://www.sapia.jp/school_exam/search/pdf2024/mitaka.pdf
270,三田国際学園中学校,mita,私立,東京,http://www.mita-is.ed.jp/junior/,http://www.sapia.jp/school_exam/search/pdf2024/mita.pdf
271,東京都立南多摩中等教育学校,tokyoutoritsu,公立,東京,https://www.metro.ed.jp/minamitama-s/,http://www.sapia.jp/school_exam/search/pdf2024/minamitama.pdf
272,横浜市立南高等学校附属中学校,yokohamashi,市立,神奈川,https://www.edu.city.yokohama.lg.jp/school/hs/minami/,http://www.sapia.jp/school_exam/search/pdf2024/minami.pdf
273,東京都立武蔵高等学校附属中学校,tokyoutoritsu,公立,東京,https://www.metro.ed.jp/musashi-h/,http://www.sapia.jp/school_exam/search/pdf2024/musashi_fuzoku.pdf
274,武蔵野大学中学校,musashino,私立,東京,https://www.musashino-u.ed.jp/,http://www.sapia.jp/school_exam/search/pdf2024/musashino.pdf
275,茗溪学園中学校,mei,私立,茨城,http://www.meikei.ac.jp/,http://www.sapia.jp/school_exam/search/pdf2024/meikei.pdf
276,明治学院中学校,meiji,私立,東京,http://www.meijigakuin-higashi.ed.jp/,http://www.sapia.jp/school_exam/search/pdf2024/meijigakuin.pdf
277,明治大学付属八王子中学校,meijidaigaku,私立,東京,http://www.mnh.ed.jp/,http://www.sapia.jp/school_exam/search/pdf2024/meijinakano_hachioji.pdf
278,明治大学付属明治中学校,meijidaigaku,私立,東京,http://www.meiji.ac.jp/ko_chu/,http://www.sapia.jp/school_exam/search/pdf2024/meiji_meiji.pdf
279,明星中学校,myoujou,私立,東京,https://www.meisei.ac.jp/hs/,http://www.sapia.jp/school_exam/search/pdf2024/meisei_c.pdf
280,目黒日本大学中学校,meguro,私立,東京,https://www.meguro-nichidai.ed.jp/junior/,http://www.sapia.jp/school_exam/search/pdf2024/meguronihondaigaku.pdf
281,森村学園中等部,morimura,私立,神奈川,http://www.morimura.ac.jp/,http://www.sapia.jp/school_exam/search/pdf2024/morimura.pdf
282,八雲学園中学校,yakumogakuen,私立,東京,http://www.yakumo.ac.jp/,http://www.sapia.jp/school_exam/search/pdf2024/yakumo.pdf
283,安田学園中学校,yasuda,私立,東京,http://www.yasuda.ed.jp/,http://www.sapia.jp/school_exam/search/pdf2024/yasuda.pdf
284,山手学院中学校,yamate,私立,神奈川,http://www.yamate-gakuin.ac.jp/,http://www.sapia.jp/school_exam/search/pdf2024/yamategakuin.pdf
285,横浜国立大学教育学部附属鎌倉中学校,yokohamakokuritsudaigaku,国立,神奈川,https://kamachu.ynu.ac.jp/,http://www.sapia.jp/school_exam/search/pdf2024/yokohama_kamakura.pdf
286,横浜国立大学教育学部附属横浜中学校,yokohamakokuritsudaigaku,国立,神奈川,https://yokochu.ynu.ac.jp/,http://www.sapia.jp/school_exam/search/pdf2024/yokohama_yokohama.pdf
287,横浜市立横浜サイエンスフロンティア高等学校附属中学校,yokohamashi,公立,神奈川,http://www.edu.city.yokohama.lg.jp/school/jhs/hs-sf/,http://www.sapia.jp/school_exam/search/pdf2024/yokohamascience.pdf
288,横浜富士見丘学園中学校,yokohama,私立,神奈川,http://www.fujimigaoka.ed.jp/,http://www.sapia.jp/school_exam/search/pdf2024/yokohamafujimigaoka.pdf
289,洛南高等学校附属中学校,rakunan,私立,京都,http://www.rakunan-h.ed.jp/,http://www.sapia.jp/school_exam/search/pdf2024/rakunan.pdf
290,立正大学附属立正中学校,risshou,私立,東京,http://www.rissho-hs.ac.jp/,http://www.sapia.jp/school_exam/search/pdf2024/rissho_rissho.pdf
291,立命館中学校,ritsumeikan,私立,京都,http://www.ritsumei.ac.jp/fkc/,http://www.sapia.jp/school_exam/search/pdf2024/ritsumeikan.pdf
292,流通経済大学付属柏中学校,ryuutsuu,私立,千葉,https://www.ryukei.ed.jp/,http://www.sapia.jp/school_exam/search/pdf2024/ryukei.pdf
293,東京都立両国高等学校附属中学校,tokyoutoritsu,公立,東京,https://www.metro.ed.jp/ryogoku-h/,http://www.sapia.jp/school_exam/search/pdf2024/ryogoku.pdf
294,麗澤中学校,reitaku,私立,千葉,http://www.hs.reitaku.jp/,http://www.sapia.jp/school_exam/search/pdf2024/reitaku.pdf
295,早稲田佐賀中学校,waseda,私立,佐賀,http://www.wasedasaga.jp/,http://www.sapia.jp/school_exam/search/pdf2024/wasedasaga.pdf
296,早稲田実業学校中等部,waseda,私立,東京,https://www.wasedajg.ed.jp/,http://www.sapia.jp/school_exam/search/pdf2024/wasedajitsugyo.pdf
